"replicate","fdr_c1","power_c1","dataset_name"
1,0.00357437448446522,0.875573810099058,"HumanBreastCancerILC"
2,0.00330169211721007,0.875422909618173,"HumanBreastCancerILC"
3,0.00289057123193393,0.875090601594588,"HumanBreastCancerILC"
4,0.00234579826134952,0.873399371828944,"HumanBreastCancerILC"
5,0.0037195205951233,0.87374652651927,"HumanBreastCancerILC"
6,0.00385993934381031,0.872810725933084,"HumanBreastCancerILC"
7,0.00370065789473684,0.877898550724638,"HumanBreastCancerILC"
8,0.00383561643835616,0.878579195360638,"HumanBreastCancerILC"
9,0.00342371952889619,0.878864734299517,"HumanBreastCancerILC"
10,0.00384087791495199,0.877053140096618,"HumanBreastCancerILC"
11,0.00482891832229581,0.871135265700483,"HumanBreastCancerILC"
12,0.003717984026439,0.874425912496979,"HumanBreastCancerILC"
13,0.00317285142778314,0.872705314009662,"HumanBreastCancerILC"
14,0.00346836847946726,0.867721671901425,"HumanBreastCancerILC"
15,0.00233612752507902,0.876811594202899,"HumanBreastCancerILC"
16,0.00347415230683713,0.866062801932367,"HumanBreastCancerILC"
17,0.00358571231554268,0.872689938398357,"HumanBreastCancerILC"
18,0.00424018602106415,0.879227053140097,"HumanBreastCancerILC"
19,0.00375364938134297,0.865772622931014,"HumanBreastCancerILC"
20,0.00397205862210656,0.878366952530499,"HumanBreastCancerILC"
21,0.00371134020618557,0.87536231884058,"HumanBreastCancerILC"
22,0.00370319572075161,0.877400652252687,"HumanBreastCancerILC"
23,0.00385887541345094,0.872946859903382,"HumanBreastCancerILC"
24,0.00533151059466849,0.878743961352657,"HumanBreastCancerILC"
25,0.00261960568040811,0.873671497584541,"HumanBreastCancerILC"
26,0.00370015074688228,0.878019323671498,"HumanBreastCancerILC"
27,0.00465116279069767,0.878850102669405,"HumanBreastCancerILC"
28,0.00329987625464045,0.875588839231791,"HumanBreastCancerILC"
29,0.00207325501036628,0.871980676328502,"HumanBreastCancerILC"
30,0.00304203539823009,0.870983329306596,"HumanBreastCancerILC"
31,0.00384773945307132,0.875800410776852,"HumanBreastCancerILC"
32,0.00330760749724366,0.873535451141442,"HumanBreastCancerILC"
33,0.0028957528957529,0.873309178743961,"HumanBreastCancerILC"
34,0.0038615363398152,0.872553756946122,"HumanBreastCancerILC"
35,0.00345399281569494,0.871135265700483,"HumanBreastCancerILC"
36,0.00234450420631637,0.874622173860476,"HumanBreastCancerILC"
37,0.00302363936228697,0.876192776905423,"HumanBreastCancerILC"
38,0.00302738406495115,0.875,"HumanBreastCancerILC"
39,0.00330350997935306,0.87515107565869,"HumanBreastCancerILC"
40,0.0031767955801105,0.87214501510574,"HumanBreastCancerILC"
41,0.0028921636138273,0.8743961352657,"HumanBreastCancerILC"
42,0.0033003300330033,0.875891238670695,"HumanBreastCancerILC"
43,0.00384298654954708,0.876570048309179,"HumanBreastCancerILC"
44,0.00398132894014278,0.876631222812953,"HumanBreastCancerILC"
45,0.0029134295227525,0.868519637462236,"HumanBreastCancerILC"
46,0.00385091459221565,0.87475845410628,"HumanBreastCancerILC"
47,0.00314766662104831,0.879710144927536,"HumanBreastCancerILC"
48,0.00402163361530994,0.867391304347826,"HumanBreastCancerILC"
49,0.00180030466694364,0.870741725054361,"HumanBreastCancerILC"
50,0.0037463577077841,0.867673716012085,"HumanBreastCancerILC"
51,0.00372465167609325,0.872327575794178,"HumanBreastCancerILC"
52,0.00356848751029371,0.876811594202899,"HumanBreastCancerILC"
53,0.0040132853584279,0.869833212472806,"HumanBreastCancerILC"
54,0.00359066427289048,0.871482063051093,"HumanBreastCancerILC"
55,0.00358868184955141,0.871859903381643,"HumanBreastCancerILC"
56,0.0042740934785606,0.874545894889804,"HumanBreastCancerILC"
57,0.00303030303030303,0.874154589371981,"HumanBreastCancerILC"
58,0.00288223991216031,0.877415458937198,"HumanBreastCancerILC"
59,0.00372208436724566,0.872826086956522,"HumanBreastCancerILC"
60,0.00341997264021888,0.879937190481942,"HumanBreastCancerILC"
61,0.00357241000274801,0.87595120183597,"HumanBreastCancerILC"
62,0.00262684916355592,0.872626103786138,"HumanBreastCancerILC"
63,0.00412371134020619,0.875,"HumanBreastCancerILC"
64,0.00316020884858478,0.876207729468599,"HumanBreastCancerILC"
65,0.00410677618069815,0.878623188405797,"HumanBreastCancerILC"
66,0.00345017940932929,0.872312152693887,"HumanBreastCancerILC"
67,0.00275747966358748,0.873867343240304,"HumanBreastCancerILC"
68,0.00370472008781559,0.877250211429262,"HumanBreastCancerILC"
69,0.00275292498279422,0.875105689092886,"HumanBreastCancerILC"
70,0.00233324183365358,0.877898550724638,"HumanBreastCancerILC"
71,0.00345781466113416,0.870694864048338,"HumanBreastCancerILC"
72,0.00205761316872428,0.878835467504228,"HumanBreastCancerILC"
73,0.00288026333836236,0.878125377461046,"HumanBreastCancerILC"
74,0.00425707223290305,0.875724637681159,"HumanBreastCancerILC"
75,0.00455235204855842,0.871497584541063,"HumanBreastCancerILC"
76,0.00275671950379049,0.874214596423393,"HumanBreastCancerILC"
77,0.002353592690018,0.871447575281171,"HumanBreastCancerILC"
78,0.00332871012482663,0.86829386176897,"HumanBreastCancerILC"
79,0.00385887541345094,0.873052301002537,"HumanBreastCancerILC"
80,0.00330214639515685,0.87487922705314,"HumanBreastCancerILC"
81,0.00316760776752513,0.874260176349801,"HumanBreastCancerILC"
82,0.00373031224095054,0.871104131432713,"HumanBreastCancerILC"
83,0.00315587266739846,0.877415458937198,"HumanBreastCancerILC"
84,0.00192070242831664,0.878623188405797,"HumanBreastCancerILC"
85,0.00343878954607978,0.875,"HumanBreastCancerILC"
86,0.00437696621529203,0.879531174480425,"HumanBreastCancerILC"
87,0.00566298342541436,0.869864668922185,"HumanBreastCancerILC"
88,0.00330214639515685,0.87487922705314,"HumanBreastCancerILC"
89,0.00358917725013805,0.871739130434783,"HumanBreastCancerILC"
90,0.00206384149697303,0.876389560173997,"HumanBreastCancerILC"
91,0.00373392338542387,0.870468825519575,"HumanBreastCancerILC"
92,0.00371338192820795,0.875196327171681,"HumanBreastCancerILC"
93,0.00412257798543356,0.875347264162338,"HumanBreastCancerILC"
94,0.00303280948442239,0.873429951690821,"HumanBreastCancerILC"
95,0.00414995158389819,0.869444444444444,"HumanBreastCancerILC"
96,0.00302738406495115,0.876588021778584,"HumanBreastCancerILC"
97,0.00302156297211921,0.876902633486349,"HumanBreastCancerILC"
98,0.00344589937973811,0.873188405797101,"HumanBreastCancerILC"
99,0.00547345374931582,0.877777777777778,"HumanBreastCancerILC"
100,0.0042966042966043,0.867737649474574,"HumanBreastCancerILC"
1,0.0782051282051282,0.817045454545455,"HumanOvarianCancer"
2,0.0691003911342894,0.81044267877412,"HumanOvarianCancer"
3,0.0736434108527132,0.815699658703072,"HumanOvarianCancer"
4,0.0793450881612091,0.830681818181818,"HumanOvarianCancer"
5,0.0803108808290155,0.805902383654938,"HumanOvarianCancer"
6,0.0849933598937583,0.782065834279228,"HumanOvarianCancer"
7,0.0792838874680307,0.818181818181818,"HumanOvarianCancer"
8,0.0945083014048531,0.805681818181818,"HumanOvarianCancer"
9,0.100997506234414,0.81838819523269,"HumanOvarianCancer"
10,0.0813214739517154,0.823462414578588,"HumanOvarianCancer"
11,0.096612296110414,0.817253121452894,"HumanOvarianCancer"
12,0.070694087403599,0.821590909090909,"HumanOvarianCancer"
13,0.089171974522293,0.811577752553916,"HumanOvarianCancer"
14,0.087719298245614,0.82633371169126,"HumanOvarianCancer"
15,0.0743589743589744,0.820454545454545,"HumanOvarianCancer"
16,0.0748031496062992,0.800227014755959,"HumanOvarianCancer"
17,0.0704960835509138,0.809090909090909,"HumanOvarianCancer"
18,0.0884615384615385,0.808873720136519,"HumanOvarianCancer"
19,0.0748387096774194,0.813847900113507,"HumanOvarianCancer"
20,0.0955974842767296,0.818906605922551,"HumanOvarianCancer"
21,0.0883838383838384,0.819523269012486,"HumanOvarianCancer"
22,0.0747051114023591,0.804100227790433,"HumanOvarianCancer"
23,0.08656330749354,0.80249716231555,"HumanOvarianCancer"
24,0.0790155440414508,0.808873720136519,"HumanOvarianCancer"
25,0.0897435897435897,0.805902383654938,"HumanOvarianCancer"
26,0.0951776649746193,0.809307604994325,"HumanOvarianCancer"
27,0.073202614379085,0.804767309875142,"HumanOvarianCancer"
28,0.083969465648855,0.817253121452894,"HumanOvarianCancer"
29,0.0780051150895141,0.820250284414107,"HumanOvarianCancer"
30,0.0759330759330759,0.817767653758542,"HumanOvarianCancer"
31,0.0855345911949685,0.825198637911464,"HumanOvarianCancer"
32,0.10519801980198,0.820658342792281,"HumanOvarianCancer"
33,0.0707850707850708,0.819523269012486,"HumanOvarianCancer"
34,0.0881612090680101,0.822727272727273,"HumanOvarianCancer"
35,0.0680628272251309,0.808172531214529,"HumanOvarianCancer"
36,0.0965250965250965,0.796821793416572,"HumanOvarianCancer"
37,0.0897435897435897,0.805902383654938,"HumanOvarianCancer"
38,0.075619295958279,0.805681818181818,"HumanOvarianCancer"
39,0.0931122448979592,0.807037457434733,"HumanOvarianCancer"
40,0.0715197956577267,0.825198637911464,"HumanOvarianCancer"
41,0.0714285714285714,0.811577752553916,"HumanOvarianCancer"
42,0.0973451327433628,0.81044267877412,"HumanOvarianCancer"
43,0.0768245838668374,0.81838819523269,"HumanOvarianCancer"
44,0.0737812911725955,0.798863636363636,"HumanOvarianCancer"
45,0.0699481865284974,0.814982973893303,"HumanOvarianCancer"
46,0.0881226053639847,0.811363636363636,"HumanOvarianCancer"
47,0.073510773130545,0.829738933030647,"HumanOvarianCancer"
48,0.0869565217391304,0.81044267877412,"HumanOvarianCancer"
49,0.0846153846153846,0.81044267877412,"HumanOvarianCancer"
50,0.0529100529100529,0.812712826333712,"HumanOvarianCancer"
51,0.0868421052631579,0.787741203178207,"HumanOvarianCancer"
52,0.0825806451612903,0.807037457434733,"HumanOvarianCancer"
53,0.085133418043202,0.818181818181818,"HumanOvarianCancer"
54,0.0834403080872914,0.81044267877412,"HumanOvarianCancer"
55,0.0895334174022699,0.819523269012486,"HumanOvarianCancer"
56,0.089974293059126,0.803632236095346,"HumanOvarianCancer"
57,0.0843060959792477,0.801362088535755,"HumanOvarianCancer"
58,0.0889453621346887,0.814772727272727,"HumanOvarianCancer"
59,0.0966494845360825,0.796590909090909,"HumanOvarianCancer"
60,0.0751295336787565,0.81044267877412,"HumanOvarianCancer"
61,0.0782051282051282,0.816118047673099,"HumanOvarianCancer"
62,0.0790155440414508,0.807037457434733,"HumanOvarianCancer"
63,0.0739795918367347,0.824063564131669,"HumanOvarianCancer"
64,0.0902160101651842,0.812712826333712,"HumanOvarianCancer"
65,0.077720207253886,0.810011376564278,"HumanOvarianCancer"
66,0.0819462227912932,0.813847900113507,"HumanOvarianCancer"
67,0.0903387703889586,0.822928490351873,"HumanOvarianCancer"
68,0.0642201834862385,0.812286689419795,"HumanOvarianCancer"
69,0.073697585768742,0.827468785471056,"HumanOvarianCancer"
70,0.0739795918367347,0.824063564131669,"HumanOvarianCancer"
71,0.069828722002635,0.802272727272727,"HumanOvarianCancer"
72,0.0731070496083551,0.810502283105023,"HumanOvarianCancer"
73,0.0627450980392157,0.814772727272727,"HumanOvarianCancer"
74,0.0850785340314136,0.794318181818182,"HumanOvarianCancer"
75,0.0924261874197689,0.80249716231555,"HumanOvarianCancer"
76,0.0768229166666667,0.805681818181818,"HumanOvarianCancer"
77,0.0608020698576973,0.824063564131669,"HumanOvarianCancer"
78,0.0745672436750999,0.788876276958002,"HumanOvarianCancer"
79,0.0813953488372093,0.807037457434733,"HumanOvarianCancer"
80,0.0752972258916777,0.794551645856981,"HumanOvarianCancer"
81,0.089058524173028,0.812712826333712,"HumanOvarianCancer"
82,0.0669344042838019,0.791146424517594,"HumanOvarianCancer"
83,0.0730117340286832,0.807037457434733,"HumanOvarianCancer"
84,0.0858974358974359,0.809307604994325,"HumanOvarianCancer"
85,0.0753512132822478,0.821793416572077,"HumanOvarianCancer"
86,0.0830090791180285,0.803409090909091,"HumanOvarianCancer"
87,0.0935524652338812,0.813847900113507,"HumanOvarianCancer"
88,0.0830140485312899,0.814982973893303,"HumanOvarianCancer"
89,0.0843214756258235,0.789772727272727,"HumanOvarianCancer"
90,0.0792207792207792,0.806598407281001,"HumanOvarianCancer"
91,0.0924261874197689,0.804323094425484,"HumanOvarianCancer"
92,0.0949367088607595,0.811577752553916,"HumanOvarianCancer"
93,0.0728218465539662,0.811149032992036,"HumanOvarianCancer"
94,0.0664928292046936,0.812712826333712,"HumanOvarianCancer"
95,0.0744544287548139,0.819318181818182,"HumanOvarianCancer"
96,0.0724450194049159,0.813847900113507,"HumanOvarianCancer"
97,0.0836501901140684,0.823462414578588,"HumanOvarianCancer"
98,0.0828025477707006,0.817253121452894,"HumanOvarianCancer"
99,0.102756892230576,0.812712826333712,"HumanOvarianCancer"
100,0.0918367346938776,0.810011376564278,"HumanOvarianCancer"
